"","Var1","Freq"
"1","0",3.46258503401361
"2","1",0.874149659863946
"3","2",0.0952380952380952
"4","3",0.0102040816326531
"5","4",0.0136054421768707
"6","5",0.00340136054421769
"7","6",0.00340136054421769
