"","Var1","Freq"
"1","0",1.98861047835991
"2","1",0.85876993166287
"3","2",0.107061503416856
"4","3",0.0182232346241458
"5","4",0.0113895216400911
"6","7",0.00227790432801822
"7","8",0.00227790432801822
