"","Var1","Freq"
"1","0",11.4952380952381
"2","1",0.923809523809524
"3","2",0.0476190476190476
"4","3",0.019047619047619
"5","4",0.00952380952380952
