"","Var1","Freq"
"1","0",3.95094339622641
"2","1",0.886792452830189
"3","2",0.105660377358491
"4","3",0.00377358490566038
"5","4",0.00377358490566038
